Position, Company, Location, URL
.NET  C#  React  프론트엔드  백엔드 신입/경력 정규직, 디포커스, 서울 성동구, https://kr.indeed.com/rc/clk?jk=d32c39cd2f3c0f33&bb=ZHjpu5k1hIBt9FVhgbMepgSHswu8g68AsbwNr0JTdGvhhc2E2cOCODQheKHOptNm&xkcb=SoBP67M3H2EX_E2SHZ0LbzkdCdPP&fccid=94cb52fcbb33911f&vjs=3
프론트엔드 개발자 (React), 쓰리뷰, 성남 중원구, https://kr.indeed.com/rc/clk?jk=00f05bad73243943&bb=vjbz4tk5HaMAPtymNgMkLc9ay7w9otHsl_Y7bn-8jMoOxda0mN2pYYtX-I0TGqie&xkcb=SoCi67M3H2EX_HWSHZ0KbzkdCdPP&fccid=458a9b7716b92faa&vjs=3
프론트엔드 개발자 (React), 큐피스트, 서울 강남구, https://kr.indeed.com/rc/clk?jk=4cdb156175a71107&bb=vjbz4tk5HaNOkiUWRKxqTd-qUP1kO0YSXC5BqBUa_pIorEeUiXgxiwAieyUQXxpz&xkcb=SoCL67M3H2EX_HWSHZ0IbzkdCdPP&fccid=0c86c298082d67d3&vjs=3
[라이브본부] 게임웹 서비스 UI 개발자 (프론트엔드), Nexon, 경기도 성남, https://kr.indeed.com/rc/clk?jk=891024a7a224522a&bb=vjbz4tk5HaNcfSV9EndvkYuoAb2RK9XraV0g2XXsJS7U_t5ZTpwyv3ByA1xTCIGD&xkcb=SoAs67M3H2EX_HWSHZ0NbzkdCdPP&fccid=aba87288e4cc3687&vjs=3
프론트엔드(Front-end) 개발자님 정중히 (react-native), 위솝, 서울 마포구, https://kr.indeed.com/rc/clk?jk=b226536a79e18737&bb=IRvgCW_hN9a2W6ergQ-AUWg-aRKhCDv8iYr6lIR_K7Jnsl2Dh8WDzpPJHAusbOZY&xkcb=SoDn67M3H2EX_H2SHZ0KbzkdCdPP&fccid=17a370bb75419be0&vjs=3
프론트엔드(Frontend) 신입/경력, 엘핀, 서울 강서구, https://kr.indeed.com/rc/clk?jk=db4b5b16c6003568&bb=IRvgCW_hN9aRWuDAMUzEMySxVBzBa7M6bXe48scO7ATYZ52abuHGxYIa71wHBhZ1&xkcb=SoDO67M3H2EX_H2SHZ0IbzkdCdPP&fccid=0d4933228f277684&vjs=3
Customer Engineer  AI  Google Cloud (English  Korean), Google, 서울, https://kr.indeed.com/rc/clk?jk=ad5151b588296e20&bb=IRvgCW_hN9Y0ZwNizlx2AZiNX_R4Jv6tHAnMlwcMIR23UV4Vc4JOUoCuf99louqG&xkcb=SoD067M3H2EX_H2SHZ0ObzkdCdPP&fccid=a5b4499d9e91a5c6&vjs=3
[(주)이음솔루션] React 프로그램 개발자, 이음솔루션, 서울 구로구, https://kr.indeed.com/rc/clk?jk=02c83e08dddbdb02&bb=IRvgCW_hN9YbeNe0KPNJGNpB6csUK2cbcYSltWnlGAhjxFrrVPQmdbK03VAUW9IP&xkcb=SoDd67M3H2EX_H2SHZ0MbzkdCdPP&fccid=dee5e255f3dd21a0&vjs=3
JR0192526 SW engineer intern, 인텔코리아, 서울, https://kr.indeed.com/rc/clk?jk=83f4939522ffaa68&bb=61iXiJaizNLfC0AxOW4uWMDh83aL_h4AcasFP1vTyKT-64s76R74R5lxtdWuZtmm&xkcb=SoBp67M3H2EX_GWSHZ0KbzkdCdPP&fccid=ded06d6a6799d929&vjs=3
창의적이고 열정적인 React 개발자, 바로티나, 성남 분당구, https://kr.indeed.com/rc/clk?jk=ab61bc14873eeafe&bb=61iXiJaizNLxvJ1E4OhrZHDKrpBmsLoUxXnQ6VxP6-brmnLDRnA1_tn2cOVe-Cag&xkcb=SoDO67M3H2EX_GWSHZ0PbzkdCdPP&fccid=ecaf696bd32aee88&vjs=3
플랫폼 프론트엔드 개발자 (React)를 모십니다., (주)휴톰 관심기업, 서울 대흥동, https://kr.indeed.com/rc/clk?jk=68fa2e8f6b62e92a&bb=61iXiJaizNLG7vYbHbwTlF55GdnfRt2obyFYdQdXCUqsMpzyoB3dkDCK1dNa-600&xkcb=SoDn67M3H2EX_GWSHZ0NbzkdCdPP&fccid=667cf6cbd3cba549&vjs=3
Publisher(퍼블리셔) 영입, 핀크, 서울 중구, https://kr.indeed.com/rc/clk?jk=886902ec00ca05fa&bb=VX4JYbxqjnCex3d1DCqydHdDl7n8dKfTmwuWtfEdolFUcZHqXtHf3POpkBvlKy38&xkcb=SoAs67M3H2EX_G2SHZ0KbzkdCdPP&fccid=1454b55460a78093&vjs=3
[보충역] 웹 서비스 개발자, 엠에이치엔씨티, 서울 성동구, https://kr.indeed.com/rc/clk?jk=9c17de7acd730754&bb=VX4JYbxqjnDXI7gwvFa2fxUSYDmEIi9GnV7wFYp-MoYhTbkvKzXO5bMi7pRWc3om&xkcb=SoAF67M3H2EX_G2SHZ0IbzkdCdPP&fccid=fe074a6c94d8a440&vjs=3
React-Native 모바일앱 개발, 해커스, 서울 강남구, https://kr.indeed.com/rc/clk?jk=653af1d551e1ebd4&bb=VX4JYbxqjnB7jAUpw2oZjLa5YadQ-p5eZCF_Ok5BVmYbvYxX3g0vi-T9kXg_80H0&xkcb=SoA_67M3H2EX_G2SHZ0ObzkdCdPP&fccid=9fcc8dc27a170fd3&vjs=3
Head of Media, Dyson, 서울, https://kr.indeed.com/rc/clk?jk=dd685b837d59aeeb&bb=1csRTrgVzhSkD67K_ja7ZsHAgp22oCzg4iNZEmrr6rm1sFsQ_SpDtVxAg-1hANJK&xkcb=SoCa67M3H2EX_BWSHZ0KbzkdCdPP&fccid=366382f52796fce2&vjs=3
프론트엔드 개발자(신입), 씨드앤, 서울 성동구, https://kr.indeed.com/rc/clk?jk=b5d6d2a1ffaf9318&bb=Jt4zR17PsjbsbTCiU3BB-sEUZJr-MoUneM6bpq1vboO4ZOppEA__tS5TWjL2Miqh&xkcb=SoBM67M3H2EXjA2SXh0LbzkdCdPP&fccid=c681ed894bde2d49&vjs=3
[(주)민소프트]소프트웨어 개발자-청년인턴(휴직대체), 민소프트, 서울 강서구, https://kr.indeed.com/rc/clk?jk=e4f45c0fc661b764&bb=IEJCJgqL4jf8ny8LcTEEnCv8glMoHZhz77SHwfmEsbA3ADGKMLCYmbwSz74C20Ni&xkcb=SoCh67M3H2EXjDWSXh0KbzkdCdPP&fccid=40e109cf5f4b4229&vjs=3
[신입/경력] 프론트엔드 개발 (html외2 부문 정규직 모집, (주)원더온 관심기업, 서울 성수동1가, https://kr.indeed.com/rc/clk?jk=56e6e827298d33b6&bb=IEJCJgqL4jfQ7x_FDDYSVyhW47L2jhYIsG4_UesHpQlRXgVwsWie3SGjIFWcNbvv&xkcb=SoAG67M3H2EXjDWSXh0PbzkdCdPP&fccid=62a316a4088ad7de&vjs=3
Analytical Chemist for KTC R&D, Lam Research, 경기도 용인, https://kr.indeed.com/rc/clk?jk=c59cf241cb7f27e9&bb=ui6dFoovOtNP5s8h4gJj-4XMcpdDeewoyE9TFJKXEFx0Enca3Iiufzk136pbbSTP&xkcb=SoAv67M3H2EXjDWSXh0NbzkdCdPP&fccid=fb90332c857e2826&vjs=3
3D Graphics Engineer, Luxolis, 서울, https://kr.indeed.com/rc/clk?jk=88eaeb1267988882&bb=ui6dFoovOtMTXW-Jx4VtLwlBfBGTJyAcxX7c83iP25OQKHa1gQWhuHd0J0asD4UQ&xkcb=SoDk67M3H2EXjD2SXh0KbzkdCdPP&fccid=df397b6d9c97b32b&cmp=LUXOLIS&ti=3d+Graphics+Developer&vjs=3
프론트엔드 신입 / 경력 개발자, 와이즈텍, 서울 용산구, https://kr.indeed.com/rc/clk?jk=ea99143338a319b7&bb=ui6dFoovOtPb8dp68VuIdbOex2UUyltOkGjRtEaDMbofu6kiCvykra8-C8AK6fBq&xkcb=SoDN67M3H2EXjD2SXh0IbzkdCdPP&fccid=8b01882cef0e8002&vjs=3
[신입/경력] 백앤드/프론트앤드 개발자, 포에스텍, 서울 성동구, https://kr.indeed.com/rc/clk?jk=0c6d2dbaa9d96000&bb=lUk-ZkYvG91xuA4XyEwG0FILTIIkrvaSiyLMcLnbwN5G8qTfzm1UwMkftdb8Q7Xp&xkcb=SoD367M3H2EXjD2SXh0ObzkdCdPP&fccid=3476005418c1964d&vjs=3
자사 솔루션 웹 프론트엔드 개발 자 (신입/경력), 엔에스원소프트, 서울 강남구, https://kr.indeed.com/rc/clk?jk=66a95d19c2a0dfa6&bb=lUk-ZkYvG92o_qtNyp3kP-oAQHAbC397F7NMUAh-fBqP0CydbmKhw8FkOH5R_-PN&xkcb=SoAe67M3H2EXjCWSXh0GbzkdCdPP&fccid=4cb5f3678194f0b7&vjs=3
웹개발  프론트엔드 외 경력, 리나컨설팅, 서울, https://kr.indeed.com/rc/clk?jk=e1fac9770bb15c06&bb=lUk-ZkYvG92UDqL16cQCDH6_MPsxbu3gSnsBFD5C9smsQS1eUP_fn-3UXmzbOLGx&xkcb=SoC367M3H2EXjCWSXh0ebzkdCdPP&fccid=b2fad8f047d78eb5&vjs=3
Frontend 개발자, 플리토, 서울 강남구, https://kr.indeed.com/rc/clk?jk=cb85566aedd4d1cf&bb=QV4lUkvF9LlcWGzmL6CaC6pr986LjHiN8lRe7Znxy5OuZQvxDoLte-koaK4UsGPI&xkcb=SoCb67M3H2EXjC2SXh0LbzkdCdPP&fccid=01aed038bcce2a5f&vjs=3
클라우드 기반 디지털 플랫폼 프론트엔드 개발자 채용(계약직), 한화그룹, 서울, https://kr.indeed.com/rc/clk?jk=dc78c68281c541ab&bb=QV4lUkvF9LljpaKY6k2P8to4NoN_I3QzdK5HF5080xXn3BubAMt54WD61PhFyugu&xkcb=SoCy67M3H2EXjC2SXh0JbzkdCdPP&fccid=bd0dc1817223394f&vjs=3
[DTC 플랫폼] Frontend Developer, 한화그룹, 서울, https://kr.indeed.com/rc/clk?jk=2daeeabc9e686e88&bb=QV4lUkvF9LlERa3k16IRfDQRA0cZrmHgMVPtrQ3_OZ0NiMBNsLMLd4z2wve2MokZ&xkcb=SoCI67M3H2EXjC2SXh0PbzkdCdPP&fccid=bd0dc1817223394f&vjs=3
App Engineer (React Native  차량 구독 서비스), 포티투닷, 서울 강남구, https://kr.indeed.com/rc/clk?jk=4d6bd519062d2c57&bb=QV4lUkvF9Ll7aKxoVMaY3RTzzC4p6XI2uMI9XF7W3MWgC8TPuOcWYogL9zAElSCl&xkcb=SoCh67M3H2EXjC2SXh0NbzkdCdPP&fccid=52e84b216bdd9f11&vjs=3
Software Engineer (Frontend), Presto, 서울, https://kr.indeed.com/rc/clk?jk=c7a0e95d4480aa4c&bb=yk5LMQkLNJs36NGMDnh9ZredlPb3_Qnd64WCk34kMI0I2JskODDxsZrGdOYgPrV9&xkcb=SoAG67M3H2EXjNWSXh0KbzkdCdPP&fccid=37b31c805f66f58e&vjs=3
웹서비스 개발자 (프론트엔드  JSP/Java  React  Figma  Spring 등)(서울근무), 딥인스펙션, 서울 송파구, https://kr.indeed.com/rc/clk?jk=78728e37f1377003&bb=yk5LMQkLNJt3hXqg9ZbxrpAnhl7YbKZgVbq4f13Eosv2oOaXD7HiH_PqwO6vFt21&xkcb=SoAv67M3H2EXjNWSXh0IbzkdCdPP&fccid=c5de7e4571bb1a5a&vjs=3
Senior Backend Engineer, Remote Technology  Inc., 서울, https://kr.indeed.com/rc/clk?jk=eb18428a533f0eb3&bb=gscOvaPdFsoGMRxYpx_3DgDqWx2gJuzE0vI-RUl2xATnSMA9Ho0nRxOOqTRtzMl8&xkcb=SoBK67M3H2EXU5Wd9p0JbzkdCdPP&fccid=55bfdb22b1429971&vjs=3
[인공지능기업] Front-End  HTML  CSS, 딥브레인에이아이, 서울, https://kr.indeed.com/rc/clk?jk=655b7360721ec6a7&bb=gscOvaPdFsq01GAIwAObklK3vI-XNowNuRAyRrZ2kJun5QS5s0tlNsNHf9xapss0&xkcb=SoBw67M3H2EXU5Wd9p0PbzkdCdPP&fccid=302172cb32d33ddc&vjs=3
24년도 부문별 신입/경력사원 모집[IT], 종근당건강, 당진 합덕읍, https://kr.indeed.com/rc/clk?jk=7f47310a77fa6b52&bb=busfm5m_5F_OajUVdwZBDgrXG1j5WSmrXyx-GGGb_aMGJB4Y2DpmvevCEEgbWbHG&xkcb=SoCS67M3H2EXU52d9p0KbzkdCdPP&fccid=6b51c65f19427946&vjs=3
웹 서비스 개발 경력직 채용, SK쉴더스, 성남 분당구, https://kr.indeed.com/rc/clk?jk=5b4e7aad0d39b8e6&bb=busfm5m_5F-5lrklPNsC6ow4GdLwAfy7ZHE3MM4QS7bT3PFW0piysJlQO-3UVZoV&xkcb=SoC767M3H2EXU52d9p0IbzkdCdPP&fccid=da9ade8fadbe3493&vjs=3
프론트엔드 웹 개발자, 어밸브, 서울 서초구, https://kr.indeed.com/rc/clk?jk=4b2477e0be648bb5&bb=prOAoZOaNuPvTx5NQIYtcCgzg3gfmlmadqdHpuNSagrIAVHckWJchv_tHwWu1DKk&xkcb=SoAc67M3H2EXU4Wd9p0KbzkdCdPP&fccid=90e59c5d7146f2da&vjs=3
프론트엔드 개발자 정규직 경력사원(연봉제) 공개, 한겨레신문, 서울 마포구, https://kr.indeed.com/rc/clk?jk=3b69e69b2d2bf68b&bb=prOAoZOaNuMduYuTju15_2gAId9vczI4x86QqoZLLOklthv2_-68ulrkZDzrlIbT&xkcb=SoA167M3H2EXU4Wd9p0IbzkdCdPP&fccid=970ff216ca6f6456&vjs=3
Head of Home, Dyson, 서울, https://kr.indeed.com/rc/clk?jk=746bd91360e6704b&bb=3L4dSkc6SkOVGNTyd6S2K6-7t5awmeGvdlJFqkxXO6IeDzpCtwCdOp9jEAzeltZR&xkcb=SoBZ67M3H2EXU42d9p0KbzkdCdPP&fccid=366382f52796fce2&vjs=3
[협업툴] Front-End 개발(javascript  React.js  React Native 중  하나), 콜라비팀, 서울 강남구, https://kr.indeed.com/rc/clk?jk=04bfd9f54ac86232&bb=3L4dSkc6SkOEaUGZBfYDWG4DRsWSDIdfpqPDrgCr4amHPzNDezOgbeREW254aPV4&xkcb=SoBw67M3H2EXU42d9p0IbzkdCdPP&fccid=33a3126ff5d1df70&vjs=3
[기술본부] 웹 프론트엔드 개발자, Nexon, 경기도 성남, https://kr.indeed.com/rc/clk?jk=e28576318aafa1b8&bb=3L4dSkc6SkNXpEK5hag6r7jbamsRPl0Qr5gMXGoYGf9UVVGc6rkhmn6_lgK0nbe8&xkcb=SoBK67M3H2EXU42d9p0ObzkdCdPP&fccid=aba87288e4cc3687&vjs=3
css  웹퍼블리셔(HTML코딩) 외 경력 정규직, 에이피서비스, 서울 강남구, https://kr.indeed.com/rc/clk?jk=2dbe4c7e2066d839&bb=p1bFolcmDPiNe2ci0SR-gExErtf_ZU4HoIgvAv0bcrLp6bXms-a94Cuz3VSeVsDJ&xkcb=SoBj67M3H2EXU42d9p0MbzkdCdPP&fccid=561d63cf81871305&vjs=3
[인공지능기업] 머신러닝 병역특례 전문연구요원, 딥브레인에이아이, 서울, https://kr.indeed.com/rc/clk?jk=28cb699ec609130e&bb=p1bFolcmDPjDrkc4fznHX6FXxaUZZccqQPK5n9_EXuh0CDxeV6zNJa-eMYH9ms8N&xkcb=SoAA67M3H2EXU7Wd9p0KbzkdCdPP&fccid=302172cb32d33ddc&vjs=3
[(주)민소프트] 소프트웨어 개발자 - 청년인턴(휴직대체), 커리어넷, 서울 강서구, https://kr.indeed.com/rc/clk?jk=29d4601c3288c777&bb=p1bFolcmDPi4dvso8KFg7P6RApkO8YKUJd-dq6XYRH6e5-d8Qu1a54rUVWbQXNnY&xkcb=SoAp67M3H2EXU7Wd9p0IbzkdCdPP&fccid=f3a62a0c0fd57b48&vjs=3
[보안 솔루션] Front / Back End 개발 신입/경력 정규직  계약직  병역특례, 인더포레스트, 서울 강남구, https://kr.indeed.com/rc/clk?jk=2164adcdb3928d87&bb=KmuYzUSfxGauvrQirwXoVtKqf8M8sD8f6kJ1VKF44V5Gqskn-KBFrA-hjVDzTHrM&xkcb=SoBF67M3H2EXU72d9p0KbzkdCdPP&fccid=ce9fe2ef8b14b631&vjs=3
프론트엔드/백엔드 개발 직원 의 건, 비즈코웍, 서울 서초구, https://kr.indeed.com/rc/clk?jk=2f64f69afe83a16e&bb=KmuYzUSfxGbdSG5kku7Mt9no9N7S_DDN_Z1SLUpJn5_7-cKr6Fe2du2TZASyh5EY&xkcb=SoBs67M3H2EXU72d9p0IbzkdCdPP&fccid=3b5af77baa8b0a70&vjs=3
프론트엔드 경력, 패니지먼트, 서울 영등포구, https://kr.indeed.com/rc/clk?jk=b57f4e7fa906924b&bb=KmuYzUSfxGblhed1viPknzJH3GjJ4tgLldIJM9quuPRuhXULKxWCmJSnWVJviU19&xkcb=SoBW67M3H2EXU72d9p0ObzkdCdPP&fccid=57a285d42cb9c379&vjs=3
클라우드 기반 디지털 플랫폼 프론트엔드 개발자 채용, 한화정밀기계, 성남 분당구, https://kr.indeed.com/rc/clk?jk=284b44fc3756b6a6&bb=yOD0ocU6TRE9fjYlnoTJC88C9OQKYmgy0FNUNUTLagVuZHG4rjbpaWPYjWkmWB98&xkcb=SoDb67M3H2EXZdWSZp0LbzkdCdPP&fccid=a9fd8e37c27d3c5e&vjs=3
국내 대기업 계열사 - 퍼블리셔(대리과장급), 라피플코리아리미티드, 서울, https://kr.indeed.com/rc/clk?jk=a4880e1288c2a126&bb=HD3G98qv-I-HzaglNYosaQfKI-Xcb3Y4mtbOF2UBCiljdcDP8TcvdTdvLOBZmoKO&xkcb=SoAq67M3H2EXZd2SZp0KbzkdCdPP&fccid=28f5722fca6f5b12&vjs=3
Javascript 기반 웹 강사, 에스지인스티튜트, 서울 강남구, https://kr.indeed.com/rc/clk?jk=53de1285946569d0&bb=HD3G98qv-I_kMpj9ughsExHXJGiv_UFH6ydNfao5YmESnvjAYXp8qSd4Vyg-bhDa&xkcb=SoA567M3H2EXZd2SZp0ObzkdCdPP&fccid=d434da0dfecddb60&vjs=3
React Native/React.js 개발자, 에이치랩, 서울 금천구, https://kr.indeed.com/rc/clk?jk=d89bee33eb6a66b7&bb=ee37LJacHZOqhVJ3vAsMlrqoBp1D5vHrFijw2OUl0m1PU0Gyx5spiimiSmpwsHNt&xkcb=SoA567M3H2EXZcWSZp0JbzkdCdPP&fccid=8aeaaa8ca6867ca8&vjs=3
데이터베이스개발자  데이터사이언스 외 경력, 리나컨설팅, 서울, https://kr.indeed.com/rc/clk?jk=e08bdbfa363eb436&bb=ee37LJacHZM9WZwtQqSshIUsXgJITt4cDsjUyN3dULTFbiIi5NstuH3T3_AiNYSD&xkcb=SoAD67M3H2EXZcWSZp0PbzkdCdPP&fccid=b2fad8f047d78eb5&vjs=3
[신입/경력] 모바일앱/서버/블록체인 개발직군 정규직, 블랍스, 서울 서초구, https://kr.indeed.com/rc/clk?jk=08f89e942c7621c4&bb=hz8uyQ3wYJG9M6UdgWJlSbpwJKqP--mxPR5Sbae4Ng7o5DvrYCSDLYoudDBOIPcB&xkcb=SoDh67M3H2EXZc2SZp0KbzkdCdPP&fccid=7f161a41d9bc8cfc&vjs=3
주식회사 팹  시크(CHIC) 프론트엔드 개발자, 팹, 서울 성동구, https://kr.indeed.com/rc/clk?jk=5a8f2fbbc5b28386&bb=zLQi2jYztJsQ24YEPkDW_LKanbW5mp93Mt_-u4HXIQFFBBR-sbVLpeg0WgyVauFn&xkcb=SoC467M3H2EXZfWSZp0KbzkdCdPP&fccid=4c2af05fc406e694&vjs=3
[인공지능기업] 병역특례 산업기능요원 (SW개발자), 딥브레인에이아이, 서울, https://kr.indeed.com/rc/clk?jk=d3a6ba916d772b85&bb=zLQi2jYztJst72_UTMBV0FxSnD4_zmH5anMbx4IVW1xol-6goLBu0ZlABKrsA5yb&xkcb=SoCR67M3H2EXZfWSZp0IbzkdCdPP&fccid=302172cb32d33ddc&vjs=3
웹개발  ASP 외 신입/경력, 메디팜소프트, 서울 송파구, https://kr.indeed.com/rc/clk?jk=0ea772b05af1bf8d&bb=n7vpCy5tcP5YIhSTOrzeqaRdPBep-9pnAQm_NGjwVqCxcwSdPXPsHe5TuXUHao2o&xkcb=SoD967M3H2EXZf2SZp0KbzkdCdPP&fccid=96ae66452e004c87&vjs=3
미리캔버스 프론트엔드 개발자, 미리디, 서울 구로구, https://kr.indeed.com/rc/clk?jk=a41df86fe7aca610&bb=n7vpCy5tcP6PXKv5fYzK1VEw443Zx3rP_UtPpULs7Xjt3fospyqh8hkfYnEptDhM&xkcb=SoDU67M3H2EXZf2SZp0IbzkdCdPP&fccid=4cb72ca574a6bab7&vjs=3
React  NodeJs 풀스택 웹개발자 모집, 에이치앤비지노믹스 관심기업, 울산 전하동, https://kr.indeed.com/rc/clk?jk=6b4eb857a8ecaebe&bb=n7vpCy5tcP6394oJ3ZwpYCrlU0M7Z4G_zMPlMtqANAI2jFv1DieEsetd7lqeOqH_&xkcb=SoDu67M3H2EXZf2SZp0ObzkdCdPP&fccid=c4e46c856ad6c164&vjs=3
대기업 IT계열사의 WCS시스템운영개발, 인오더, 서울 용산구, https://kr.indeed.com/rc/clk?jk=4a32d2e9d28f528f&bb=n7vpCy5tcP4xx7wGCUdZBHIPEHxMzvQg-aoZ9keIsSk2tGJs8KT0ZMLjTXOy09YU&xkcb=SoDH67M3H2EXZf2SZp0MbzkdCdPP&fccid=cfeec92d29387697&vjs=3
[ICT] Frontend Developer[매니저(G2)  책임매니저(G3)], 현대자동차그룹, 서울 양재역, https://kr.indeed.com/rc/clk?jk=ad22068e94a52e63&bb=zIva9cEJoXBMp4BIoRvbWhrBocCG_qnKlE4-RW4nmhLv-BSTlKEx9OS3vqzDC1JR&xkcb=SoBz67M3H2EXZeWSZp0KbzkdCdPP&fccid=980d6ecc399a3373&vjs=3
앱/웹 프런트앤드  백앤드 개발자 모집, 웹비즈크리에이티브.., 서울 문정동, https://kr.indeed.com/rc/clk?jk=578aee8001ef515e&bb=zIva9cEJoXDgn8IdUj6KTn_1-jAAiX5Aochr12zKVVd7UiI1FpRpkIF2NTzYMUWX&xkcb=SoBa67M3H2EXZeWSZp0IbzkdCdPP&fccid=6b56d24800c0af24&vjs=3
Front-End 스페셜리스트 (5년이상), 에이스파트너스서치펌, 서울 강남구, https://kr.indeed.com/rc/clk?jk=700905ce173ffc7d&bb=zIva9cEJoXA5bMfP6p6rkMgHNLtHWGIMDVKtFtjw510ykn1vtltDVg--3xdHznsQ&xkcb=SoBg67M3H2EXZeWSZp0ObzkdCdPP&fccid=be617507d5c823af&vjs=3
Software Engineer  App UI, Bear Robotics, 서울, https://kr.indeed.com/rc/clk?jk=24cc19fc6fe7e45e&bb=AM-Bw0RP7Gd229cGoJUiTRQcrauT5COXQDdRkWsiTQogOzVXZPKm8TWq8huN3v6H&xkcb=SoDa67M3H2EXB6A0gr0LbzkdCdPP&fccid=d7230dda285fd6ea&vjs=3
국내 대기업 계열사 - 웹퍼블리셔(대리과장급), 라피플코리아리미티드, 서울, https://kr.indeed.com/rc/clk?jk=a3c18f21582ed2b4&bb=VfK5zq4s9r1zHcibSD2tkiJNDBIrYEzYH9L_6CI_7FJJXvrF7eY8u1A9GzKDaeCl&xkcb=SoAr67M3H2EXB6g0gr0KbzkdCdPP&fccid=28f5722fca6f5b12&vjs=3
Influencer Marketing Manager  Korea, Roblox, 서울, https://kr.indeed.com/rc/clk?jk=a789d31318a4b455&bb=VfK5zq4s9r1xYgPWwllgoEx9HLZhYZONfGb7UJT8g4GvxipaX3ccPHlhAjgqlUg6&xkcb=SoAC67M3H2EXB6g0gr0IbzkdCdPP&fccid=04ef150429d33336&vjs=3
[Bluehole Studio] Engine R&D - Project AB (2년 ~ 5년), Bluehole Studio, 경기도 성남, https://kr.indeed.com/rc/clk?jk=875b3e256241a97c&bb=VfK5zq4s9r3Yl3q-UiJBl6DbpnqF1rhA3RD7LNP9b7khRwGAO6YQSVV75wOoqV0B&xkcb=SoA467M3H2EXB6g0gr0ObzkdCdPP&fccid=28e75e43adef763e&vjs=3
링크샵스 웹 프론트(Frontend) 개발 및 유지보수 담당, 링크샵스, 서울 중구, https://kr.indeed.com/rc/clk?jk=decec2d630da2a63&bb=NT08QLJasij0qHV6WHZHMpOsjPLq0sZFs9uf_grt91PKbA-RlOSaAtpVg7cYHAFg&xkcb=SoBt67M3H2EXBlA0gr0KbzkdCdPP&fccid=18e7053874dae63c&vjs=3
이엠시티와 함께 글로벌 시장에 도전할 개발자, 이엠시티, 서울 영등포구, https://kr.indeed.com/rc/clk?jk=ae2e7d32073a3238&bb=NT08QLJasiiOKKKn4qTrPkuk2clvwLrvKRdlpX7nUGM8xVZ29gG0OxUXsW0TeVEE&xkcb=SoBE67M3H2EXBlA0gr0IbzkdCdPP&fccid=a4e6e58965743113&vjs=3
Process Engineer 3, Lam Research, 경기도 용인, https://kr.indeed.com/rc/clk?jk=1aa2da41b26f2bee&bb=NT08QLJasihSI0-kmBH8Kbx5BMmor5SDuzy5ssC8MgdKwaAuriVzT9piT8kTx11j&xkcb=SoB-67M3H2EXBlA0gr0ObzkdCdPP&fccid=fb90332c857e2826&vjs=3
Web Frontend Engineer (Azar), Match Group, 서울, https://kr.indeed.com/rc/clk?jk=03dd0ddc439e8efe&bb=39pmIIINeuNz_2Ya8JP5yVpwfKwCLntd9y-ExTADHiu93wcpp9mXoh3CwPb2gRNC&xkcb=SoAo67M3H2EXBlg0gr0KbzkdCdPP&fccid=47feb0effe4ed4f2&vjs=3
(주)푸른새벽 웹/앱 프로그래머 팀원, 푸른새벽, 서울 영등포구, https://kr.indeed.com/rc/clk?jk=a14fe79cc82d9033&bb=39pmIIINeuMgCL6oyzZ8Br3TnZYpKpb2Zll4-7t8auPwLExH3OpT5d01KZH33oQ_&xkcb=SoCP67M3H2EXBlg0gr0PbzkdCdPP&fccid=da308bf6bedd9bf5&vjs=3
풀스택 웹 개발자 경력 정규직, 노태그코리아, 서울 중구, https://kr.indeed.com/rc/clk?jk=601dc14ba8490125&bb=39pmIIINeuME9EAY7hWWIwKPdPMq2W_LqBF7NokSUITCg4du6_IEAeTm7-3b86Rw&xkcb=SoCm67M3H2EXBlg0gr0NbzkdCdPP&fccid=ca96d67d509ca7a2&vjs=3
Web Frontend Engineer (Hakuna), Match Group, 서울, https://kr.indeed.com/rc/clk?jk=c79e86de18a84b01&bb=kRQ_nUbHVbubP5IDA063NgIPwrF_Z_Zb8yVgeddrvhj01xFr8u2fFPnRzKDmqLFU&xkcb=SoAS67M3H2EXBkA0gr0LbzkdCdPP&fccid=47feb0effe4ed4f2&vjs=3
[SDV] Frontend Engineer for Mobility[연구원  책임연구원], 현대자동차그룹, 서울 강남구, https://kr.indeed.com/rc/clk?jk=4596fb436d4eb38d&bb=kRQ_nUbHVbvr7kKisXPObtPPEY8RAhP4upQXomd6hKBMf7QosXutv8YvOjAGYRmn&xkcb=SoA767M3H2EXBkA0gr0JbzkdCdPP&fccid=980d6ecc399a3373&vjs=3
Front-End Developer, 디자인피버, 서울 마포구, https://kr.indeed.com/rc/clk?jk=991e59ba11d21d37&bb=kRQ_nUbHVbtKB_yOzQHwlj2sXtFmVhZzRLu9FrQF_EzeWim4y7a0aIuZdgj9_z-K&xkcb=SoAB67M3H2EXBkA0gr0PbzkdCdPP&fccid=7c7d217ff9e9275f&vjs=3
프롭테크 스타트업 Front-end Engineer, 경연파트너스, 서울 성동구, https://kr.indeed.com/rc/clk?jk=f7e8d409e52e51e9&bb=adf-L0Lt12D5xFsCPGDCxIVgnaaWuezN9GEA0sleBoylHzS2otYRDjvpcSPwAcQz&xkcb=SoBX67M3H2EXBkg0gr0LbzkdCdPP&fccid=0f76eb1d9acd6c10&vjs=3
국내 대기업 - Web frontend 개발 경력자, 라피플코리아리미티드, 서울, https://kr.indeed.com/rc/clk?jk=1f08ce671e4cb41e&bb=adf-L0Lt12CCoC7Y4GLWx1-ZYI9DdZL2-nj8JD-D5FyIqTNdUz1akq44dFy7DmN1&xkcb=SoB-67M3H2EXBkg0gr0JbzkdCdPP&fccid=28f5722fca6f5b12&vjs=3
React/Node Fullstack Developer, CloudDevs, Latin America Only/Europe Only/EMEA Only/Asia Only, https://weworkremotely.com//remote-jobs/clouddevs-react-node-fullstack-developer-2
Senior Open Source Developer & DevOps (Python  Django  React  AWS/OpenStack), OpenCraft, Anywhere in the World, https://weworkremotely.com//remote-jobs/opencraft-senior-open-source-developer-devops-python-django-react-aws-openstack
Senior or Staff Frontend Engineer - React (100% Remote), Close, USA Only, https://weworkremotely.com//remote-jobs/close-senior-or-staff-frontend-engineer-react-100-remote-5
Senior React Native Engineer, Whitespectre, Anywhere in the World, https://weworkremotely.com//remote-jobs/whitespectre-senior-react-native-engineer-1
Senior Front End React Native Engineer, Maharishi Foundation International, Europe Only, https://weworkremotely.com//remote-jobs/maharishi-foundation-international-senior-front-end-react-native-engineer-4
